<?xml version="1.0" encoding="UTF-8"?>
<odoo>
    <data noupdate="1">

        <record id="ir_cron_weekly_auto_mail" model="ir.cron">
            <field name="name">Weekly XLSX Auto Mail</field>
            <field name="model_id" ref="model_weekly_mail_scheduler"/>
            <field name="state">code</field>
            <field name="code">model.send_weekly_report()</field>
            <field name="interval_number">1</field>
            <field name="interval_type">weeks</field>
            <field name="numbercall">-1</field>
            <field name="active">True</field>
        </record>

    </data>
</odoo>